distance_m,id,name,time_s,rank,gap_s,pace,kick_at_m,reserve_j_per_kg,leg_fatigue
1200,ember,ヒバナ,52.5654,1,0.0000,1,1200,407.968,0.83945
1200,zephyr,ハヤテ,54.0163,2,1.4509,1,1200,868.344,0.59731
1200,jade,ワカバ,55.5188,3,2.9534,1,1200,1360.047,0.52978
1200,tide,アオバ,57.1665,4,4.6012,1,1200,1876.237,0.48887
1200,iris,スミレ,58.9109,5,6.3455,1,1200,2412.702,0.43043
1200,dusk,キキョウ,60.6961,6,8.1308,1,1200,2854.908,0.38400
1200,snow,シラユキ,62.6108,7,10.0454,1,1200,3268.729,0.25648
1600,ember,ヒバナ,74.0850,3,2.9747,1.375,1200,227.983,0.91787
1600,zephyr,ハヤテ,71.1103,1,0.0000,1,1600,58.626,0.73429
1600,jade,ワカバ,73.0626,2,1.9523,1,1600,689.271,0.65253
1600,tide,アオバ,75.1845,4,4.0742,1,1600,1351.915,0.60366
1600,iris,スミレ,77.4294,5,6.3191,1,1600,2043.188,0.53282
1600,dusk,キキョウ,79.7437,6,8.6334,1,1600,2611.293,0.47669
1600,snow,シラユキ,82.2186,7,11.1083,1,1600,3142.826,0.31963
2000,ember,ヒバナ,101.4653,6,10.8588,1.3,400,677.248,0.92699
2000,zephyr,ハヤテ,92.5718,2,1.9653,1.325,400,0.000,0.79491
2000,jade,ワカバ,90.6065,1,0.0000,1,2000,18.758,0.77529
2000,tide,アオバ,93.2026,3,2.5961,1,2000,828.133,0.71846
2000,iris,スミレ,95.9479,4,5.3414,1,2000,1674.637,0.63521
2000,dusk,キキョウ,98.7914,5,8.1849,1,2000,2369.203,0.56938
2000,snow,シラユキ,101.8265,7,11.2200,1,2000,3019.163,0.38279
2400,ember,ヒバナ,132.5450,7,21.0937,1.175,400,1356.851,0.93284
2400,zephyr,ハヤテ,115.3950,4,3.9436,1.275,200,0.000,0.85523
2400,jade,ワカバ,111.9846,2,0.5332,1.275,0,0.000,0.83733
2400,tide,アオバ,111.4513,1,0.0000,1,2400,371.357,0.82443
2400,iris,スミレ,114.4664,3,3.0151,1,2400,1306.237,0.73759
2400,dusk,キキョウ,117.8390,5,6.3877,1,2400,2127.384,0.66207
2400,snow,シラユキ,121.4343,6,9.9830,1,2400,2895.936,0.44595
2800,ember,ヒバナ,169.0653,7,35.4521,1.075,400,2288.552,0.94404
2800,zephyr,ハヤテ,140.2406,5,6.6274,1.25,0,75.410,0.91252
2800,jade,ワカバ,135.5581,3,1.9449,1.25,600,9.504,0.89859
2800,tide,アオバ,134.5767,2,0.9635,1.225,600,362.614,0.88747
2800,iris,スミレ,133.6132,1,0.0000,1,2800,1073.674,0.82609
2800,dusk,キキョウ,136.8866,4,3.2734,1,2800,1885.613,0.75476
2800,snow,シラユキ,141.0422,6,7.4290,1,2800,2772.795,0.50910
3200,ember,ヒバナ,213.1022,7,55.6935,0.975,400,3287.666,0.95579
3200,zephyr,ハヤテ,172.2336,6,14.8249,1.15,600,950.179,0.92117
3200,jade,ワカバ,165.8327,5,8.4240,1.175,0,693.029,0.91483
3200,tide,アオバ,164.2957,4,6.8869,1.125,600,1347.250,0.89397
3200,iris,スミレ,158.6329,2,1.2242,1,3200,1091.845,0.88236
3200,dusk,キキョウ,157.4088,1,0.0000,1,3200,1825.079,0.82728
3200,snow,シラユキ,160.6500,3,3.2412,1,3200,2649.670,0.57226
3600,ember,ヒバナ,266.7256,7,86.4677,0.9,600,3328.738,0.99244
3600,zephyr,ハヤテ,207.5341,6,27.2762,1.075,600,1944.086,0.93060
3600,jade,ワカバ,199.7855,5,19.5276,1.075,600,1966.836,0.91638
3600,tide,アオバ,197.7177,4,17.4599,1.05,600,2456.029,0.90568
3600,iris,スミレ,189.8801,3,9.6222,1.075,0,2078.350,0.89484
3600,dusk,キキョウ,184.7458,2,4.4880,1.075,800,2108.106,0.86941
3600,snow,シラユキ,180.2579,1,0.0000,1,3600,2526.548,0.63542
